{
    "BCT_CODBUR": 5.171736240386963,
    "CTR_MATFIS": 5.348978042602539,
    "FJU_CODFJU": 5.431643009185791,
    "CTR_CESSAT": 5.807910919189453,
    "ACT_CODACT": 5.610749244689941,
    "CTR_OBLDIR": 5.667909145355225,
    "CTR_OBLACP": 5.722130298614502,
    "CTR_OBLRES": 5.6911797523498535,
    "CTR_OBLFOP": 5.770521640777588,
    "CTR_OBLTFP": 5.759699821472168,
    "CTR_OBLDCO": 5.793859958648682,
    "CTR_OBLTVA": 5.769631862640381,
    "CTR_OBLTCL": 5.697177886962891,
    "CTR_RATISS": 5.870537757873535,
    "EXE_EXERCI": 4.949191093444824,
    "RES_ANNIMP": 4.942640781402588
}