{"BCT_CODBUR": 5.21338415145874, "CTR_MATFIS": 5.948185920715332, "FJU_CODFJU": 5.436675071716309, "CTR_CESSAT": 5.845252990722656, "ACT_CODACT": 5.720119476318359}